{"items": [{"body": "<p>Quadri in legno rovere 1.90 x 1.23*</p>", "field_year": "1952", "field_audio": "audio/filename.mp3", "field_status": "OK", "field_estimation": "", "title": "Quadri in legno rovere 1.90 x 1.23*", "field_inventory_old": "110", "field_placing": "201", "field_vertical_exposition": "False", "nid": "207", "field_inventory_1": " 157 ", "field_model_value": "133.000 / 3", "field_image": "", "field_inventory": " 157 ", "field_model_actual_value": "250", "field_other_image": "", "field_exposed": "False"}, {"body": "<p>Quadri in legno rovere 1.90 x 1.23*</p>", "field_year": "1952", "field_audio": "", "field_status": "OK", "field_estimation": "", "title": "Quadri in legno rovere 1.90 x 1.23*", "field_inventory_old": "111", "field_placing": "318", "field_vertical_exposition": "False", "nid": "208", "field_inventory_1": " 158 ", "field_model_value": "133.000 / 3", "field_image": "", "field_inventory": " 158 ", "field_model_actual_value": "250", "field_other_image": "", "field_exposed": "False"}, {"body": "<p>Quadri in legno rovere 1.90 x 1.23*</p>\n", "field_year": "1952", "field_audio": "", "field_status": "OK", "field_estimation": "", "title": "Quadri in legno rovere 1.90 x 1.23*", "field_inventory_old": "111", "field_placing": "318", "field_vertical_exposition": "False", "nid": "209", "field_inventory_1": " 158 ", "field_model_value": "133.000 / 3", "field_image": "", "field_inventory": " 158 ", "field_model_actual_value": "250", "field_other_image": "", "field_exposed": "False"}, {"body": "<p>Base per albero da carico 0,50 x 0,50 x 0,38*</p>\n", "field_year": "1952", "field_audio": "", "field_status": "R", "field_estimation": "", "title": "Base per albero da carico 0,50 x 0,50 x 0,38*", "field_inventory_old": "114", "field_placing": "-", "field_vertical_exposition": "False", "nid": "204", "field_inventory_1": " 153 ", "field_model_value": "8.000", "field_image": "", "field_inventory": " 153 ", "field_model_actual_value": "100", "field_other_image": "", "field_exposed": "False"}, {"body": "<p>Base per alloggio reperti</p>\n", "field_year": "1952", "field_audio": "", "field_status": "R", "field_estimation": "", "title": "Base per alloggio reperti", "field_inventory_old": "115", "field_placing": "-", "field_vertical_exposition": "False", "nid": "205", "field_inventory_1": " 154 ", "field_model_value": "6.000", "field_image": "", "field_inventory": " 154 ", "field_model_actual_value": "100", "field_other_image": "", "field_exposed": "False"}, {"body": "<p>Quadri in legno rovere 1.90 x 1.23*</p>\n", "field_year": "1952", "field_audio": "", "field_status": "OK", "field_estimation": "", "title": "Quadri in legno rovere 1.90 x 1.23*", "field_inventory_old": "109", "field_placing": "310", "field_vertical_exposition": "False", "nid": "206", "field_inventory_1": " 156 ", "field_model_value": "133.000 / 3", "field_image": "", "field_inventory": " 156 ", "field_model_actual_value": "250", "field_other_image": "", "field_exposed": "False"}, {"body": "<p>Cannone via Acton</p>\n", "field_year": "", "field_audio": "", "field_status": "OK", "field_estimation": "", "title": "Cannone via Acton", "field_inventory_old": "", "field_placing": "500", "field_vertical_exposition": "False", "nid": "200", "field_inventory_1": " 149 ", "field_model_value": "3.000", "field_image": "", "field_inventory": " 149 ", "field_model_actual_value": "", "field_other_image": "", "field_exposed": "False"}, {"body": "<p>Palle di cannone in gabbia</p>\n", "field_year": "", "field_audio": "", "field_status": "OK", "field_estimation": "", "title": "Palle di cannone in gabbia", "field_inventory_old": "", "field_placing": "501", "field_vertical_exposition": "False", "nid": "201", "field_inventory_1": " 150 ", "field_model_value": "400", "field_image": "", "field_inventory": " 150 ", "field_model_actual_value": "", "field_other_image": "", "field_exposed": "False"}, {"body": "<p>Mobili in legno rovere: 120 x 25 x h 110 (Console porta paranchi e sistemi funicolari di cui ai numeri inv.da 19 a 93)*</p>\n", "field_year": "1952", "field_audio": "", "field_status": "OK", "field_estimation": "", "title": "Mobili in legno rovere: 120 x 25 x h 110 (Console porta paranchi e sistemi funicolari di cui ai numeri inv.da 19 a 93)*", "field_inventory_old": "112", "field_placing": "308", "field_vertical_exposition": "False", "nid": "202", "field_inventory_1": " 151 ", "field_model_value": "40.000", "field_image": "", "field_inventory": " 151 ", "field_model_actual_value": "250", "field_other_image": "", "field_exposed": "False"}, {"body": "<p>Mobili in legno rovere: 120 x 25 x h 110 (Console porta paranchi e sistemi funicolari di cui ai numeri inv.da 19 a 93)*</p>\n", "field_year": "1952", "field_audio": "", "field_status": "OK", "field_estimation": "", "title": "Mobili in legno rovere: 120 x 25 x h 110 (Console porta paranchi e sistemi funicolari di cui ai numeri inv.da 19 a 93)*", "field_inventory_old": "113", "field_placing": "309", "field_vertical_exposition": "False", "nid": "203", "field_inventory_1": " 152 ", "field_model_value": "40.000", "field_image": "", "field_inventory": " 152 ", "field_model_actual_value": "250", "field_other_image": "", "field_exposed": "False"}, {"body": "<p>Anatomia di una nave (Film)</p>\n", "field_year": "1977", "field_audio": "", "field_status": "OK", "field_estimation": "", "title": "Anatomia di una nave (Film)", "field_inventory_old": "685", "field_placing": "-", "field_vertical_exposition": "False", "nid": "196", "field_inventory_1": " 144 ", "field_model_value": "531.840", "field_image": "", "field_inventory": " 144 ", "field_model_actual_value": "/", "field_other_image": "", "field_exposed": "False"}, {"body": "<p>n. 80 diapositive a colori ex voto marinari*</p>\n", "field_year": "1983", "field_audio": "", "field_status": "OK", "field_estimation": "", "title": "n. 80 diapositive a colori ex voto marinari*", "field_inventory_old": "849", "field_placing": "-", "field_vertical_exposition": "False", "nid": "197", "field_inventory_1": " 145 ", "field_model_value": "590.000", "field_image": "", "field_inventory": " 145 ", "field_model_actual_value": "900", "field_other_image": "", "field_exposed": "False"}, {"body": "<p>Palle di ferro cave</p>\n", "field_year": "", "field_audio": "", "field_status": "OK", "field_estimation": "", "title": "Palle di ferro cave", "field_inventory_old": "-", "field_placing": "-", "field_vertical_exposition": "False", "nid": "198", "field_inventory_1": " 146 ", "field_model_value": "400", "field_image": "", "field_inventory": " 146 ", "field_model_actual_value": "", "field_other_image": "", "field_exposed": "False"}, {"body": "<p>Pannello con fotografia di diorama e lettera della Casa Bianca</p>\n", "field_year": "", "field_audio": "", "field_status": "R", "field_estimation": "", "title": "Pannello con fotografia di diorama e lettera della Casa Bianca", "field_inventory_old": "-", "field_placing": "421", "field_vertical_exposition": "False", "nid": "199", "field_inventory_1": " 147 ", "field_model_value": "100", "field_image": "", "field_inventory": " 147 ", "field_model_actual_value": "", "field_other_image": "", "field_exposed": "False"}, {"body": "<p>Benna (accessorio scandaglio Kelvin)</p>\n", "field_year": "", "field_audio": "", "field_status": "OK", "field_estimation": "", "title": "Benna (accessorio scandaglio Kelvin)", "field_inventory_old": "-", "field_placing": "105-7190", "field_vertical_exposition": "False", "nid": "193", "field_inventory_1": " 140 ", "field_model_value": "", "field_image": "images/_MG_7190.JPG", "field_inventory": " 140 ", "field_model_actual_value": "300", "field_other_image": "", "field_exposed": "False"}, {"body": "<p>Pastecca</p>\n", "field_year": "", "field_audio": "", "field_status": "R", "field_estimation": "", "title": "Pastecca", "field_inventory_old": "-", "field_placing": "", "field_vertical_exposition": "False", "nid": "194", "field_inventory_1": " 141 ", "field_model_value": "", "field_image": "", "field_inventory": " 141 ", "field_model_actual_value": "50", "field_other_image": "", "field_exposed": "False"}, {"body": "<p>Scatole per film*</p>\n", "field_year": "1963", "field_audio": "", "field_status": "OK", "field_estimation": "", "title": "Scatole per film*", "field_inventory_old": "132", "field_placing": "-", "field_vertical_exposition": "False", "nid": "195", "field_inventory_1": " 142 ", "field_model_value": "3.250", "field_image": "", "field_inventory": " 142 ", "field_model_actual_value": "/", "field_other_image": "", "field_exposed": "False"}, {"body": "<p>Ceppo in piombo di ancora romana (reperto)</p>\n", "field_year": "", "field_audio": "", "field_status": "OK", "field_estimation": "", "title": "Ceppo in piombo di ancora romana (reperto)", "field_inventory_old": "-", "field_placing": "7039", "field_vertical_exposition": "False", "nid": "191", "field_inventory_1": " 138 ", "field_model_value": "", "field_image": "images/_MG_7041.JPG", "field_inventory": " 138 ", "field_model_actual_value": "400", "field_other_image": "images/_MG_7039.JPG,images/_MG_7043.JPG", "field_exposed": "False"}, {"body": "<p>3 campionatori del fondo (accessori scandaglio Kelvin)</p>\n", "field_year": "", "field_audio": "", "field_status": "OK", "field_estimation": "", "title": "3 campionatori del fondo (accessori scandaglio Kelvin)", "field_inventory_old": "-", "field_placing": "105-7199", "field_vertical_exposition": "False", "nid": "192", "field_inventory_1": " 139 ", "field_model_value": "", "field_image": "images/_MG_7200.JPG", "field_inventory": " 139 ", "field_model_actual_value": "300", "field_other_image": "images/_MG_7199.JPG", "field_exposed": "False"}, {"body": "<p>Paranco doppio su paranco a ghia<br />\nn. 2 bozzelli con ganci per i paranchi(ostini) del picco da carico<br />\nAncora romana con ceppo in piombo (micro modello)</p>\n", "field_year": "1951", "field_audio": "", "field_status": "OK", "field_estimation": "", "title": "Paranco doppio su paranco a ghia", "field_inventory_old": "93", "field_placing": "7109-3777", "field_vertical_exposition": "False", "nid": "190", "field_inventory_1": " 136 ", "field_model_value": "4.385", "field_image": "images/_MG_3777.JPG", "field_inventory": " 136 ", "field_model_actual_value": "200", "field_other_image": "images/_MG_7109.JPG,images/_MG_3776.JPG,images/_MG_3778.JPG", "field_exposed": "False"}, {"body": "<p>Paranco su paranco</p>\n", "field_year": "1951", "field_audio": "", "field_status": "OK", "field_estimation": "", "title": "Paranco su paranco", "field_inventory_old": "92", "field_placing": "7109", "field_vertical_exposition": "False", "nid": "189", "field_inventory_1": " 135 ", "field_model_value": "4.385", "field_image": "", "field_inventory": " 135 ", "field_model_actual_value": "100", "field_other_image": "", "field_exposed": "False"}, {"body": "<p>Calorna  4 e 4 occhi</p>\n", "field_year": "1951", "field_audio": "", "field_status": "OK", "field_estimation": "", "title": "Calorna  4 e 4 occhi", "field_inventory_old": "88", "field_placing": "7109", "field_vertical_exposition": "False", "nid": "185", "field_inventory_1": " 131 ", "field_model_value": "4385", "field_image": "", "field_inventory": " 131 ", "field_model_actual_value": "200", "field_other_image": "", "field_exposed": "False"}, {"body": "<p>Amante senale</p>\n", "field_year": "1951", "field_audio": "", "field_status": "OK", "field_estimation": "", "title": "Amante senale", "field_inventory_old": "89", "field_placing": "7109", "field_vertical_exposition": "False", "nid": "186", "field_inventory_1": " 132 ", "field_model_value": "4.385", "field_image": "", "field_inventory": " 132 ", "field_model_actual_value": "150", "field_other_image": "", "field_exposed": "False"}, {"body": "<p>Paranco su ghia</p>\n", "field_year": "1951", "field_audio": "", "field_status": "OK", "field_estimation": "", "title": "Paranco su ghia", "field_inventory_old": "90", "field_placing": "7109", "field_vertical_exposition": "False", "nid": "187", "field_inventory_1": " 133 ", "field_model_value": "4.385", "field_image": "", "field_inventory": " 133 ", "field_model_actual_value": "150", "field_other_image": "", "field_exposed": "False"}, {"body": "<p>Ghia su paranco doppio</p>\n", "field_year": "1951", "field_audio": "", "field_status": "OK", "field_estimation": "", "title": "Ghia su paranco doppio", "field_inventory_old": "91", "field_placing": "7109", "field_vertical_exposition": "False", "nid": "188", "field_inventory_1": " 134 ", "field_model_value": "4.385", "field_image": "", "field_inventory": " 134 ", "field_model_actual_value": "100", "field_other_image": "", "field_exposed": "False"}, {"body": "<p>Apparecchio manovra timone tipo Forrester completo</p>\n", "field_year": "1930", "field_audio": "", "field_status": "OK/ R", "field_estimation": "", "title": "Apparecchio manovra timone tipo Forrester completo", "field_inventory_old": "19", "field_placing": "7079", "field_vertical_exposition": "False", "nid": "181", "field_inventory_1": " 127 ", "field_model_value": "100.000", "field_image": "images/_MG_7084.JPG", "field_inventory": " 127 ", "field_model_actual_value": "800", "field_other_image": "images/_MG_7087.JPG,images/_MG_7077.JPG,images/_MG_7079.JPG,images/_MG_7080.JPG,images/_MG_7083.JPG,images/_MG_7081.JPG", "field_exposed": "False"}, {"body": "<p>Calorna 3 e 2 occhi</p>\n", "field_year": "1951", "field_audio": "", "field_status": "OK", "field_estimation": "", "title": "Calorna 3 e 2 occhi", "field_inventory_old": "85", "field_placing": "7109", "field_vertical_exposition": "False", "nid": "182", "field_inventory_1": " 128 ", "field_model_value": "4.385", "field_image": "", "field_inventory": " 128 ", "field_model_actual_value": "200", "field_other_image": "", "field_exposed": "False"}, {"body": "<p>Calorna 3 e 3 occhi</p>\n", "field_year": "1951", "field_audio": "", "field_status": "OK", "field_estimation": "", "title": "Calorna 3 e 3 occhi", "field_inventory_old": "86", "field_placing": "7109", "field_vertical_exposition": "False", "nid": "183", "field_inventory_1": " 129 ", "field_model_value": "4.385", "field_image": "", "field_inventory": " 129 ", "field_model_actual_value": "200", "field_other_image": "", "field_exposed": "False"}, {"body": "<p>Calorna  4 e 3 occhi</p>\n", "field_year": "1951", "field_audio": "", "field_status": "OK", "field_estimation": "", "title": "Calorna  4 e 3 occhi", "field_inventory_old": "87", "field_placing": "7109", "field_vertical_exposition": "False", "nid": "184", "field_inventory_1": " 130 ", "field_model_value": "4.385", "field_image": "", "field_inventory": " 130 ", "field_model_actual_value": "200", "field_other_image": "", "field_exposed": "False"}, {"body": "<p>Apparecchio manovra timone tipo Marfield</p>\n", "field_year": "1930", "field_audio": "", "field_status": "OK/ R", "field_estimation": "", "title": "Apparecchio manovra timone tipo Marfield", "field_inventory_old": "18", "field_placing": "3732", "field_vertical_exposition": "False", "nid": "180", "field_inventory_1": " 126 ", "field_model_value": "177", "field_image": "images/_MG_3732.JPG", "field_inventory": " 126 ", "field_model_actual_value": "500", "field_other_image": "", "field_exposed": "False"}, {"body": "<p>Apparecchio manovra timone con mulinello a frenello</p>\n", "field_year": "1930", "field_audio": "", "field_status": "OK/ R", "field_estimation": "", "title": "Apparecchio manovra timone con mulinello a frenello", "field_inventory_old": "16", "field_placing": "3733", "field_vertical_exposition": "False", "nid": "178", "field_inventory_1": " 124 ", "field_model_value": "411", "field_image": "images/_MG_3733.JPG", "field_inventory": " 124 ", "field_model_actual_value": "500", "field_other_image": "", "field_exposed": "False"}, {"body": "<p>Apparecchio manovra timone con settore a frenello</p>\n", "field_year": "1930", "field_audio": "", "field_status": "R", "field_estimation": "V", "title": "Apparecchio manovra timone con settore a frenello", "field_inventory_old": "17", "field_placing": "424-3736", "field_vertical_exposition": "False", "nid": "179", "field_inventory_1": " 125 ", "field_model_value": "343", "field_image": "images/_MG_3738.JPG", "field_inventory": " 125 ", "field_model_actual_value": "500", "field_other_image": "images/_MG_3736.JPG", "field_exposed": "False"}, {"body": "<p>Apparecchio manovra timone con settore dentato e vite senza fine</p>\n", "field_year": "1930", "field_audio": "", "field_status": "OK/ R", "field_estimation": "", "title": "Apparecchio manovra timone con settore dentato e vite senza fine", "field_inventory_old": "15", "field_placing": "426-3728", "field_vertical_exposition": "False", "nid": "177", "field_inventory_1": " 123 ", "field_model_value": "401", "field_image": "images/_MG_3726.JPG", "field_inventory": " 123 ", "field_model_actual_value": "500", "field_other_image": "images/_MG_3728.JPG", "field_exposed": "False"}, {"body": "<p>Apparecchio manovra timone tipo a doppia vite senza fine</p>\n", "field_year": "1930", "field_audio": "", "field_status": "OK/ R/05", "field_estimation": "", "title": "Apparecchio manovra timone tipo a doppia vite senza fine", "field_inventory_old": "13", "field_placing": "425-7088", "field_vertical_exposition": "False", "nid": "175", "field_inventory_1": " 121 ", "field_model_value": "382", "field_image": "images/_MG_7092.JPG", "field_inventory": " 121 ", "field_model_actual_value": "600", "field_other_image": "images/_MG_7090.JPG,images/_MG_7089.JPG,images/_MG_7088.JPG", "field_exposed": "False"}, {"body": "<p>Apparecchio manovra timone a catena Galle</p>\n", "field_year": "1930", "field_audio": "", "field_status": "OK/ R", "field_estimation": "", "title": "Apparecchio manovra timone a catena Galle", "field_inventory_old": "14", "field_placing": "422-3741", "field_vertical_exposition": "False", "nid": "176", "field_inventory_1": " 122 ", "field_model_value": "411", "field_image": "images/_MG_3741.JPG", "field_inventory": " 122 ", "field_model_actual_value": "600", "field_other_image": "images/_MG_3739.JPG", "field_exposed": "False"}, {"body": "<p>Apparecchio manovra timone tipo Browing</p>\n", "field_year": "1930", "field_audio": "", "field_status": "R", "field_estimation": "V", "title": "Apparecchio manovra timone tipo Browing", "field_inventory_old": "12", "field_placing": "423-3745", "field_vertical_exposition": "False", "nid": "174", "field_inventory_1": " 120 ", "field_model_value": "4118", "field_image": "images/_MG_3745.JPG", "field_inventory": " 120 ", "field_model_actual_value": "1.500", "field_other_image": "images/_MG_3746.JPG", "field_exposed": "False"}, {"body": "<p>Inclinometro a bolla</p>\n", "field_year": "1984", "field_audio": "", "field_status": "OK", "field_estimation": "", "title": "Inclinometro a bolla", "field_inventory_old": "862", "field_placing": "406-3608", "field_vertical_exposition": "False", "nid": "172", "field_inventory_1": " 118 ", "field_model_value": "35.400", "field_image": "images/_MG_3608.JPG", "field_inventory": " 118 ", "field_model_actual_value": "120", "field_other_image": "", "field_exposed": "False"}, {"body": "<p>Grafometro CAIM Tipo Devioscopio Completo di Gotto di Fissaggio (solo cassetta, gotto e cavalletto)</p>\n", "field_year": "1978", "field_audio": "", "field_status": "OK", "field_estimation": "", "title": "Grafometro CAIM Tipo Devioscopio Completo di Gotto di Fissaggio (solo cassetta, gotto e cavalletto)", "field_inventory_old": "735", "field_placing": "12", "field_vertical_exposition": "False", "nid": "173", "field_inventory_1": " 119 ", "field_model_value": "164.661", "field_image": "", "field_inventory": " 119 ", "field_model_actual_value": "150", "field_other_image": "", "field_exposed": "False"}, {"body": "<p>Staziometro denominato V.A.B.</p>\n", "field_year": "1982", "field_audio": "", "field_status": "OK", "field_estimation": "", "title": "Staziometro denominato V.A.B.", "field_inventory_old": "827", "field_placing": "401-3632", "field_vertical_exposition": "False", "nid": "171", "field_inventory_1": " 115 ", "field_model_value": "805.000", "field_image": "images/_MG_3634.JPG", "field_inventory": " 115 ", "field_model_actual_value": "900", "field_other_image": "images/_MG_3635.JPG,images/_MG_3633.JPG,images/_MG_3632.JPG", "field_exposed": "False"}, {"body": "<p>Salvagente piroscafo Ancona in cornice con targa</p>\n", "field_year": "", "field_audio": "", "field_status": "R", "field_estimation": "V", "title": "Salvagente piroscafo Ancona in cornice con targa", "field_inventory_old": "-", "field_placing": "316-3813", "field_vertical_exposition": "False", "nid": "170", "field_inventory_1": " 114 ", "field_model_value": "", "field_image": "images/_MG_3814.JPG", "field_inventory": " 114 ", "field_model_actual_value": "500", "field_other_image": "images/_MG_3818.JPG,images/_MG_3813.JPG", "field_exposed": "False"}, {"body": "<p>Ancora tipo Hall</p>\n", "field_year": "1931", "field_audio": "", "field_status": "R", "field_estimation": "V", "title": "Ancora tipo Hall", "field_inventory_old": "25", "field_placing": "330-3429", "field_vertical_exposition": "False", "nid": "169", "field_inventory_1": " 110 ", "field_model_value": "277", "field_image": "images/_MG_3431.JPG", "field_inventory": " 110 ", "field_model_actual_value": "150", "field_other_image": "images/_MG_3429.JPG", "field_exposed": "False"}, {"body": "<p>Ancora tipo Martin</p>\n", "field_year": "1931", "field_audio": "", "field_status": "R", "field_estimation": "V", "title": "Ancora tipo Martin", "field_inventory_old": "24", "field_placing": "331-3423", "field_vertical_exposition": "False", "nid": "168", "field_inventory_1": " 109 ", "field_model_value": "277", "field_image": "images/_MG_3424.JPG", "field_inventory": " 109 ", "field_model_actual_value": "150", "field_other_image": "images/_MG_3423.JPG", "field_exposed": "False"}, {"body": "<p>Paranco semplice</p>\n", "field_year": "1951", "field_audio": "", "field_status": "OK", "field_estimation": "", "title": "Paranco semplice", "field_inventory_old": "83", "field_placing": "7103", "field_vertical_exposition": "False", "nid": "165", "field_inventory_1": " 106 ", "field_model_value": "4.385", "field_image": "", "field_inventory": " 106 ", "field_model_actual_value": "130", "field_other_image": "", "field_exposed": "False"}, {"body": "<p>Paranco doppio</p>\n", "field_year": "1951", "field_audio": "", "field_status": "OK", "field_estimation": "", "title": "Paranco doppio", "field_inventory_old": "84", "field_placing": "7103", "field_vertical_exposition": "False", "nid": "166", "field_inventory_1": " 107 ", "field_model_value": "4.385", "field_image": "", "field_inventory": " 107 ", "field_model_actual_value": "150", "field_other_image": "", "field_exposed": "False"}, {"body": "<p>Ancora tipo Trotman</p>\n", "field_year": "1931", "field_audio": "", "field_status": "R", "field_estimation": "V", "title": "Ancora tipo Trotman", "field_inventory_old": "22", "field_placing": "332-3419", "field_vertical_exposition": "False", "nid": "167", "field_inventory_1": " 108 ", "field_model_value": "377", "field_image": "images/_MG_3421.JPG", "field_inventory": " 108 ", "field_model_actual_value": "150", "field_other_image": "images/_MG_3419.JPG", "field_exposed": "False"}, {"body": "<p>Amante</p>\n", "field_year": "1951", "field_audio": "", "field_status": "OK", "field_estimation": "", "title": "Amante", "field_inventory_old": "80", "field_placing": "7103", "field_vertical_exposition": "False", "nid": "161", "field_inventory_1": " 102 ", "field_model_value": "4.385", "field_image": "", "field_inventory": " 102 ", "field_model_actual_value": "100", "field_other_image": "", "field_exposed": "False"}, {"body": "<p>Ghia semplice</p>\n", "field_year": "1951", "field_audio": "", "field_status": "OK", "field_estimation": "", "title": "Ghia semplice", "field_inventory_old": "79", "field_placing": "7103", "field_vertical_exposition": "False", "nid": "162", "field_inventory_1": " 103 ", "field_model_value": "4.393", "field_image": "", "field_inventory": " 103 ", "field_model_actual_value": "100", "field_other_image": "", "field_exposed": "False"}, {"body": "<p>Ghia doppia</p>\n", "field_year": "1951", "field_audio": "", "field_status": "OK", "field_estimation": "", "title": "Ghia doppia", "field_inventory_old": "82", "field_placing": "7103", "field_vertical_exposition": "False", "nid": "163", "field_inventory_1": " 104 ", "field_model_value": "4.385", "field_image": "", "field_inventory": " 104 ", "field_model_actual_value": "100", "field_other_image": "", "field_exposed": "False"}, {"body": "<p>Ghia doppia</p>\n", "field_year": "1951", "field_audio": "", "field_status": "OK", "field_estimation": "", "title": "Ghia doppia", "field_inventory_old": "81", "field_placing": "7103", "field_vertical_exposition": "False", "nid": "164", "field_inventory_1": " 105 ", "field_model_value": "4.385", "field_image": "", "field_inventory": " 105 ", "field_model_actual_value": "100", "field_other_image": "", "field_exposed": "False"}, {"body": "<p>Modello verricello salpancore con 2 campane</p>\n", "field_year": "1969", "field_audio": "", "field_status": "OK", "field_estimation": "", "title": "Modello verricello salpancore con 2 campane", "field_inventory_old": "460", "field_placing": "413-3779", "field_vertical_exposition": "False", "nid": "160", "field_inventory_1": " 101 ", "field_model_value": "380.000", "field_image": "images/_MG_3782.JPG", "field_inventory": " 101 ", "field_model_actual_value": "200", "field_other_image": "images/_MG_3783.JPG,images/_MG_3781.JPG,images/_MG_3780.JPG,images/_MG_3779.JPG", "field_exposed": "False"}, {"body": "<p>Arrestatoio catene alle cubie di coperta</p>\n", "field_year": "1931", "field_audio": "", "field_status": "R", "field_estimation": "", "title": "Arrestatoio catene alle cubie di coperta", "field_inventory_old": "26", "field_placing": "327-3435", "field_vertical_exposition": "False", "nid": "158", "field_inventory_1": " 99 ", "field_model_value": "316", "field_image": "images/_MG_3436.JPG", "field_inventory": " 99 ", "field_model_actual_value": "300", "field_other_image": "images/_MG_3435.JPG", "field_exposed": "False"}, {"body": "<p>Fanale in rame</p>\n", "field_year": "1981", "field_audio": "", "field_status": "OK", "field_estimation": "", "title": "Fanale in rame", "field_inventory_old": "800", "field_placing": "414-3717", "field_vertical_exposition": "False", "nid": "159", "field_inventory_1": " 100 ", "field_model_value": "402500", "field_image": "images/_MG_3717.JPG", "field_inventory": " 100 ", "field_model_actual_value": "360", "field_other_image": "", "field_exposed": "False"}, {"body": "<p>Bussola a liquido con quadrante diviso in gradi collocata nella chiesuola con compensatori cilindrici Filotecnica Ing. Salmoiraghi  - Milano (ex Istituto di Navigazione)</p>\n", "field_year": "", "field_audio": "", "field_status": "R", "field_estimation": "V", "title": "Bussola a liquido con quadrante diviso in gradi collocata nella chiesuola con compensatori cilindrici Filotecnica Ing. Salmoiraghi  - Milano (ex Istituto di Navigazione)", "field_inventory_old": "-", "field_placing": "7267", "field_vertical_exposition": "False", "nid": "155", "field_inventory_1": " 95 ", "field_model_value": "", "field_image": "images/_MG_7267_0.JPG", "field_inventory": " 95 ", "field_model_actual_value": "1.100", "field_other_image": "images/_MG_7271_0.JPG,images/_MG_7265_0.JPG,images/_MG_7272_0.JPG", "field_exposed": "False"}, {"body": "<p>Bussola Gironautica</p>\n", "field_year": "", "field_audio": "", "field_status": "R", "field_estimation": "V", "title": "Bussola Gironautica", "field_inventory_old": "-", "field_placing": "149-3637", "field_vertical_exposition": "False", "nid": "156", "field_inventory_1": " 96 ", "field_model_value": "", "field_image": "", "field_inventory": " 96 ", "field_model_actual_value": "1.000", "field_other_image": "", "field_exposed": "False"}, {"body": "<p>Rosa di bussola magnetica a liquido</p>\n", "field_year": "1981", "field_audio": "", "field_status": "R", "field_estimation": "", "title": "Rosa di bussola magnetica a liquido", "field_inventory_old": "817", "field_placing": "416-3613", "field_vertical_exposition": "False", "nid": "157", "field_inventory_1": " 97 ", "field_model_value": "/", "field_image": "", "field_inventory": " 97 ", "field_model_actual_value": "50", "field_other_image": "", "field_exposed": "False"}, {"body": "<p>Bussola a secco collocata nella chiesuola con compensatore a sfere Filotecnica Ing. Salmoiraghi  - Milano (ex Istituto di Navigazione)</p>\n", "field_year": "", "field_audio": "", "field_status": "R", "field_estimation": "V", "title": "Bussola a secco collocata nella chiesuola con compensatore a sfere Filotecnica Ing. Salmoiraghi  - Milano (ex Istituto di Navigazione)", "field_inventory_old": "-", "field_placing": "7261", "field_vertical_exposition": "False", "nid": "154", "field_inventory_1": " 94 ", "field_model_value": "", "field_image": "images/_MG_7259_0.JPG", "field_inventory": " 94 ", "field_model_actual_value": "2.000", "field_other_image": "images/_MG_7262_0.JPG,images/_MG_7261_0.JPG", "field_exposed": "False"}, {"body": "<p>Bussola (da tasca)</p>\n", "field_year": "1981", "field_audio": "", "field_status": "OK", "field_estimation": "", "title": "Bussola (da tasca)", "field_inventory_old": "797", "field_placing": "403-3625", "field_vertical_exposition": "False", "nid": "153", "field_inventory_1": " 89 ", "field_model_value": "103.500", "field_image": "images/_MG_3625.JPG", "field_inventory": " 89 ", "field_model_actual_value": "200", "field_other_image": "images/_MG_3628.JPG,images/_MG_3627.JPG", "field_exposed": "False"}, {"body": "<p>Verricello a mano con 2 campane</p>\n", "field_year": "1985", "field_audio": "", "field_status": "OK", "field_estimation": "", "title": "Verricello a mano con 2 campane", "field_inventory_old": "909", "field_placing": "311-7241", "field_vertical_exposition": "False", "nid": "151", "field_inventory_1": " 87 ", "field_model_value": "650.000", "field_image": "images/_MG_7243.JPG", "field_inventory": " 87 ", "field_model_actual_value": "1.500", "field_other_image": "images/_MG_7242.JPG,images/_MG_7241.JPG", "field_exposed": "False"}, {"body": "<p>Bussola a secco con custodia e completa di accessori</p>\n", "field_year": "1982", "field_audio": "", "field_status": "R", "field_estimation": "", "title": "Bussola a secco con custodia e completa di accessori", "field_inventory_old": "822", "field_placing": "54-3765", "field_vertical_exposition": "False", "nid": "152", "field_inventory_1": " 88 ", "field_model_value": "1.679.000", "field_image": "images/_MG_3769.JPG", "field_inventory": " 88 ", "field_model_actual_value": "2.500", "field_other_image": "images/_MG_3765.JPG", "field_exposed": "False"}, {"body": "<p>Cannocchiale</p>\n", "field_year": "1981", "field_audio": "", "field_status": "OK", "field_estimation": "", "title": "Cannocchiale", "field_inventory_old": "798", "field_placing": "405-3614", "field_vertical_exposition": "False", "nid": "150", "field_inventory_1": " 85 ", "field_model_value": "149.500", "field_image": "images/_MG_3617.JPG", "field_inventory": " 85 ", "field_model_actual_value": "300", "field_other_image": "images/_MG_3614.JPG", "field_exposed": "False"}, {"body": "<p>Chiesuola bussola piroscafo</p>\n", "field_year": "", "field_audio": "", "field_status": "R", "field_estimation": "", "title": "Chiesuola bussola piroscafo", "field_inventory_old": "-", "field_placing": "304-7271", "field_vertical_exposition": "False", "nid": "148", "field_inventory_1": " 82 ", "field_model_value": "", "field_image": "images/_MG_7267.JPG", "field_inventory": " 82 ", "field_model_actual_value": "500", "field_other_image": "images/_MG_7271.JPG,images/_MG_7265.JPG,images/_MG_7272.JPG", "field_exposed": "False"}, {"body": "<p>Sfera armillare XVIII secolo (originale)</p>\n", "field_year": "1959", "field_audio": "", "field_status": " R", "field_estimation": "", "title": "Sfera armillare XVIII secolo (originale)", "field_inventory_old": "126", "field_placing": "415", "field_vertical_exposition": "False", "nid": "149", "field_inventory_1": " 83 ", "field_model_value": "20.000", "field_image": "", "field_inventory": " 83 ", "field_model_actual_value": "1.500", "field_other_image": "", "field_exposed": "False"}, {"body": "<p>Chiesuola bussola veliero (ex Istituto di Navigazione)</p>\n", "field_year": "", "field_audio": "", "field_status": "R", "field_estimation": "", "title": "Chiesuola bussola veliero (ex Istituto di Navigazione)", "field_inventory_old": "-", "field_placing": "49-7262", "field_vertical_exposition": "False", "nid": "147", "field_inventory_1": " 81 ", "field_model_value": "", "field_image": "images/_MG_7259.JPG", "field_inventory": " 81 ", "field_model_actual_value": "500", "field_other_image": "images/_MG_7262.JPG,images/_MG_7261.JPG", "field_exposed": "False"}, {"body": "<p>Scandaglio Kelvin con accessori (ex Istituto di Meteorologia)</p>\n", "field_year": "", "field_audio": "", "field_status": "OK", "field_estimation": "", "title": "Scandaglio Kelvin con accessori (ex Istituto di Meteorologia)", "field_inventory_old": "-", "field_placing": "105-7237-150", "field_vertical_exposition": "False", "nid": "146", "field_inventory_1": " 80 ", "field_model_value": "", "field_image": "images/_MG_7239.JPG", "field_inventory": " 80 ", "field_model_actual_value": "2.000", "field_other_image": "images/_MG_7237.JPG,images/_MG_7240.JPG", "field_exposed": "False"}, {"body": "<p>Segnalvideo Siriati</p>\n", "field_year": "1968", "field_audio": "", "field_status": "R", "field_estimation": "", "title": "Segnalvideo Siriati", "field_inventory_old": "381", "field_placing": "408-3763", "field_vertical_exposition": "False", "nid": "145", "field_inventory_1": " 79 ", "field_model_value": "180.000", "field_image": "images/_MG_3763.JPG", "field_inventory": " 79 ", "field_model_actual_value": "100", "field_other_image": "", "field_exposed": "False"}, {"body": "<p>Ralston Stability and Trim Indicator</p>\n", "field_year": "1950", "field_audio": "", "field_status": " Alluvionato", "field_estimation": "", "title": "Ralston Stability and Trim Indicator", "field_inventory_old": "64", "field_placing": "315-3612", "field_vertical_exposition": "False", "nid": "143", "field_inventory_1": " 76 ", "field_model_value": "273.231", "field_image": "images/_MG_3612.JPG", "field_inventory": " 76 ", "field_model_actual_value": "400", "field_other_image": "", "field_exposed": "False"}, {"body": "<p>Ruota sagola per solcometro m 100</p>\n", "field_year": "1982", "field_audio": "", "field_status": "OK", "field_estimation": "", "title": "Ruota sagola per solcometro m 100", "field_inventory_old": "823", "field_placing": "186-3609", "field_vertical_exposition": "False", "nid": "144", "field_inventory_1": " 78 ", "field_model_value": "155.250", "field_image": "images/_MG_3609.JPG", "field_inventory": " 78 ", "field_model_actual_value": "100", "field_other_image": "", "field_exposed": "False"}, {"body": "<p>Modello di trireme romana (per studio posizione rematori)</p>\n", "field_year": "1957", "field_audio": "", "field_status": "R", "field_estimation": "", "title": "Modello di trireme romana (per studio posizione rematori)", "field_inventory_old": "122", "field_placing": "198-3669", "field_vertical_exposition": "False", "nid": "141", "field_inventory_1": " 74 ", "field_model_value": "150.000", "field_image": "images/_MG_3666.JPG", "field_inventory": " 74 ", "field_model_actual_value": "500", "field_other_image": "images/_MG_3668.JPG,images/_MG_3669.JPG", "field_exposed": "False"}, {"body": "<p>Motrice tipo c.r. Nembo (Pattison)</p>\n", "field_year": "1937", "field_audio": "", "field_status": "OK", "field_estimation": "", "title": "Motrice tipo c.r. Nembo (Pattison)", "field_inventory_old": "63", "field_placing": "319", "field_vertical_exposition": "False", "nid": "142", "field_inventory_1": " 75 ", "field_model_value": "1.500.000", "field_image": "", "field_inventory": " 75 ", "field_model_actual_value": "800", "field_other_image": "", "field_exposed": "False"}, {"body": "<p>Plastico raffigurante il recupero di scafo affondato</p>\n", "field_year": "", "field_audio": "", "field_status": "R", "field_estimation": "V", "title": "Plastico raffigurante il recupero di scafo affondato", "field_inventory_old": "-", "field_placing": "333-3656", "field_vertical_exposition": "False", "nid": "140", "field_inventory_1": " 73 ", "field_model_value": "", "field_image": "images/_MG_3656.JPG", "field_inventory": " 73 ", "field_model_actual_value": "20", "field_other_image": "", "field_exposed": "False"}, {"body": "<p>Scafo pieno piroscafo misto<br />\nScafo pieno motoveliero con 2 alberi, bompresso e un fumaiolo</p>\n", "field_year": "1951", "field_audio": "", "field_status": "OK/ R/05", "field_estimation": "", "title": "Scafo pieno piroscafo misto", "field_inventory_old": "103", "field_placing": "117-3467", "field_vertical_exposition": "False", "nid": "137", "field_inventory_1": " 67 ", "field_model_value": "100", "field_image": "", "field_inventory": " 67 ", "field_model_actual_value": "400", "field_other_image": "", "field_exposed": "False"}, {"body": "<p>Scafo pieno piroscafo ad elica con 2 fumaioli<br />\nScafo pieno motoveliero con 3 alberi, bompresso e 2 fumaioli</p>\n", "field_year": "1939", "field_audio": "", "field_status": "OK/ R/05", "field_estimation": "", "title": "Scafo pieno piroscafo ad elica con 2 fumaioli", "field_inventory_old": "34", "field_placing": "323-3804", "field_vertical_exposition": "False", "nid": "138", "field_inventory_1": " 69 ", "field_model_value": "100", "field_image": "", "field_inventory": " 69 ", "field_model_actual_value": "250", "field_other_image": "", "field_exposed": "False"}, {"body": "<p>Bacino di carenaggio scala 1:200</p>\n", "field_year": "1931", "field_audio": "", "field_status": "Alluvionato", "field_estimation": "", "title": "Bacino di carenaggio scala 1:200", "field_inventory_old": "28", "field_placing": "3556", "field_vertical_exposition": "False", "nid": "139", "field_inventory_1": " 70 ", "field_model_value": "3871", "field_image": "", "field_inventory": " 70 ", "field_model_actual_value": "200", "field_other_image": "", "field_exposed": "False"}, {"body": "<p>Scafo pieno di veliero</p>\n", "field_year": "1951", "field_audio": "", "field_status": "R", "field_estimation": "", "title": "Scafo pieno di veliero", "field_inventory_old": "96", "field_placing": "44-3748", "field_vertical_exposition": "False", "nid": "136", "field_inventory_1": " 66 ", "field_model_value": "100", "field_image": "images/_MG_3748.JPG", "field_inventory": " 66 ", "field_model_actual_value": "400", "field_other_image": "images/_MG_3754.JPG,images/_MG_3751.JPG,images/_MG_3753.JPG", "field_exposed": "False"}, {"body": "<p>Scafo pieno di veliero in ferro<br />\nScafo pieno veliero da carico in ferro</p>\n", "field_year": "1938", "field_audio": "", "field_status": "OK/ R/05", "field_estimation": "", "title": "Scafo pieno di veliero in ferro", "field_inventory_old": "46", "field_placing": "154-3471", "field_vertical_exposition": "False", "nid": "135", "field_inventory_1": " 65 ", "field_model_value": "100", "field_image": "images/_MG_3472.JPG", "field_inventory": " 65 ", "field_model_actual_value": "400", "field_other_image": "images/_MG_3471.JPG,images/_MG_3474.JPG,images/_MG_3476.JPG", "field_exposed": "False"}, {"body": "<p>Scafo di nave mista (vela e vapore)<br />\nMotoveliero a 3 alberi e bompresso (senza fumaiolo)</p>\n", "field_year": "1938", "field_audio": "", "field_status": "OK/ R 05", "field_estimation": "", "title": "Scafo di nave mista (vela e vapore)", "field_inventory_old": "52", "field_placing": "196-3792", "field_vertical_exposition": "False", "nid": "134", "field_inventory_1": " 64 ", "field_model_value": "100", "field_image": "images/_MG_3797.JPG", "field_inventory": " 64 ", "field_model_actual_value": "400", "field_other_image": "images/_MG_3792.JPG,images/_MG_3794.JPG", "field_exposed": "False"}, {"body": "<p>Scafo pieno di feluca del golfo di Napoli</p>\n", "field_year": "1937", "field_audio": "", "field_status": "OK/ R/05", "field_estimation": "", "title": "Scafo pieno di feluca del golfo di Napoli", "field_inventory_old": "45", "field_placing": "19-7202", "field_vertical_exposition": "False", "nid": "133", "field_inventory_1": " 62 ", "field_model_value": "40", "field_image": "images/_MG_7205.JPG", "field_inventory": " 62 ", "field_model_actual_value": "1.500", "field_other_image": "images/_MG_7204.JPG,images/_MG_7208.JPG,images/_MG_7206.JPG,images/_MG_7202.JPG", "field_exposed": "False"}, {"body": "<p>Pannello con attrezzi, bozzelli e maniglioni</p>\n", "field_year": "1985", "field_audio": "", "field_status": "OK", "field_estimation": "", "title": "Pannello con attrezzi, bozzelli e maniglioni", "field_inventory_old": "910/2", "field_placing": "412-7102", "field_vertical_exposition": "False", "nid": "132", "field_inventory_1": " 60 ", "field_model_value": "177.000", "field_image": "images/_MG_7102.JPG", "field_inventory": " 60 ", "field_model_actual_value": "250", "field_other_image": "", "field_exposed": "False"}, {"body": "<p>Pannello con attrezzi da carico</p>\n", "field_year": "1985", "field_audio": "", "field_status": "OK", "field_estimation": "", "title": "Pannello con attrezzi da carico", "field_inventory_old": "910/1", "field_placing": "411-7095", "field_vertical_exposition": "False", "nid": "131", "field_inventory_1": " 59 ", "field_model_value": "177.000", "field_image": "images/_MG_7095.JPG", "field_inventory": " 59 ", "field_model_actual_value": "250", "field_other_image": "", "field_exposed": "False"}, {"body": "<p>Campionario cavi in fibre vegetali tessili catramati e minutenze su quadro a muro</p>\n", "field_year": "1939", "field_audio": "", "field_status": "OK", "field_estimation": "", "title": "Campionario cavi in fibre vegetali tessili catramati e minutenze su quadro a muro", "field_inventory_old": "38", "field_placing": "310-7061", "field_vertical_exposition": "False", "nid": "130", "field_inventory_1": " 56 ", "field_model_value": "100", "field_image": "images/_MG_7061_1.JPG", "field_inventory": " 56 ", "field_model_actual_value": "500", "field_other_image": "images/_MG_7061con_aggiunta_digitale_di_corda_mancante.jpg,images/_MG_7256.JPG", "field_exposed": "False"}, {"body": "<p>Tavola a muro con nodi marinareschi</p>\n", "field_year": "1939", "field_audio": "", "field_status": "OK", "field_estimation": "", "title": "Tavola a muro con nodi marinareschi", "field_inventory_old": "37", "field_placing": "317-2004", "field_vertical_exposition": "False", "nid": "129", "field_inventory_1": " 55 ", "field_model_value": "200", "field_image": "images/_MG_2004.JPG", "field_inventory": " 55 ", "field_model_actual_value": "500", "field_other_image": "", "field_exposed": "False"}, {"body": "<p>Mezzo scafo (sez. long.) cutter su tavolo a muro</p>\n", "field_year": "1938", "field_audio": "", "field_status": "OK/ R 05", "field_estimation": "", "title": "Mezzo scafo (sez. long.) cutter su tavolo a muro", "field_inventory_old": "54", "field_placing": "209-7279", "field_vertical_exposition": "False", "nid": "128", "field_inventory_1": " 53 ", "field_model_value": "15.000", "field_image": "images/_MG_7282.JPG", "field_inventory": " 53 ", "field_model_actual_value": "1.800", "field_other_image": "images/_MG_7279.jpg,images/_MG_7281.JPG", "field_exposed": "False"}, {"body": "<p>Mezzo scafo (sez. long.) piroscafo tipo Ansaldo su tavola a muro</p>\n", "field_year": "1939", "field_audio": "", "field_status": "OK/ R 05", "field_estimation": "", "title": "Mezzo scafo (sez. long.) piroscafo tipo Ansaldo su tavola a muro", "field_inventory_old": "55", "field_placing": "208-7217", "field_vertical_exposition": "False", "nid": "127", "field_inventory_1": " 52 ", "field_model_value": "25.000", "field_image": "images/_MG_7224.JPG", "field_inventory": " 52 ", "field_model_actual_value": "400", "field_other_image": "images/_MG_7218.JPG,images/_MG_7217.JPG,images/_MG_7219.JPG", "field_exposed": "False"}, {"body": "<p>Mezzo scafo in sez. long. di piroscafo da passeggeri su tavola a muro</p>\n", "field_year": "1938", "field_audio": "", "field_status": "R", "field_estimation": "", "title": "Mezzo scafo in sez. long. di piroscafo da passeggeri su tavola a muro", "field_inventory_old": "51", "field_placing": "329-3820", "field_vertical_exposition": "False", "nid": "126", "field_inventory_1": " 51 ", "field_model_value": "100", "field_image": "images/_MG_3820.JPG", "field_inventory": " 51 ", "field_model_actual_value": "2.000", "field_other_image": "", "field_exposed": "False"}, {"body": "<p>Pontone a biga scala 1:50</p>\n", "field_year": "1951", "field_audio": "", "field_status": "Alluvionato", "field_estimation": "V", "title": "Pontone a biga scala 1:50", "field_inventory_old": "74", "field_placing": "190-3379", "field_vertical_exposition": "False", "nid": "125", "field_inventory_1": " 49 ", "field_model_value": "30.000", "field_image": "images/_MG_3379.JPG", "field_inventory": " 49 ", "field_model_actual_value": "200", "field_other_image": "images/_MG_3375.JPG,images/_MG_3376.JPG,images/_MG_3378.JPG,images/_MG_3382.JPG", "field_exposed": "False"}, {"body": "<p>Pontone da lavoro con macina girevole scala 1:50</p>\n", "field_year": "1951", "field_audio": "", "field_status": "Alluvionato", "field_estimation": "V", "title": "Pontone da lavoro con macina girevole scala 1:50", "field_inventory_old": "75", "field_placing": "191-3383", "field_vertical_exposition": "False", "nid": "124", "field_inventory_1": " 48 ", "field_model_value": "50.000", "field_image": "images/_MG_3384.JPG", "field_inventory": " 48 ", "field_model_actual_value": "200", "field_other_image": "images/_MG_3388.JPG,images/_MG_3383.JPG,images/_MG_3387.JPG", "field_exposed": "False"}, {"body": "<p>Draga Ptolomee</p>\n", "field_year": "1972", "field_audio": "", "field_status": "OK/ R/05", "field_estimation": "", "title": "Draga Ptolomee", "field_inventory_old": "514", "field_placing": "15-2171", "field_vertical_exposition": "False", "nid": "123", "field_inventory_1": " 47 ", "field_model_value": "300.000", "field_image": "images/_MG_2166.JPG", "field_inventory": " 47 ", "field_model_actual_value": "5.000", "field_other_image": "images/_MG_2169.JPG,images/_MG_2173.JPG,images/_MG_2186.JPG,images/_MG_2174.JPG,images/_MG_2183.JPG,images/_MG_2171.JPG,images/_MG_2160.JPG,images/_MG_2161.JPG,images/_MG_2158.JPG,images/_MG_2181.JPG,images/_MG_2185.JPG,images/_MG_2187.JPG", "field_exposed": "False"}, {"body": "<p>Piroscafo ex Florio da carico e passeggeri scala 1:25</p>\n", "field_year": "1928", "field_audio": "", "field_status": "R Alluvionato", "field_estimation": "V", "title": "Piroscafo ex Florio da carico e passeggeri scala 1:25", "field_inventory_old": "5", "field_placing": "320-3831", "field_vertical_exposition": "False", "nid": "121", "field_inventory_1": " 45 ", "field_model_value": "200.000", "field_image": "images/_MG_3844.JPG", "field_inventory": " 45 ", "field_model_actual_value": "4.000", "field_other_image": "images/_MG_3831.JPG,images/_MG_3833.JPG,images/_MG_3850.JPG,images/_MG_3849.JPG,images/_MG_3841.JPG,images/_MG_3832.JPG,images/_MG_3851.JPG,images/_MG_3842.JPG,images/_MG_3846.JPG,images/_MG_3840.JPG,images/_MG_3854.JPG,images/_MG_3848.JPG,images/_MG_3843.JPG", "field_exposed": "False"}, {"body": "<p>Modello di motonave per servizio idrografico e oceanografico scala 1:100</p>\n", "field_year": "1957", "field_audio": "", "field_status": "Alluvionato", "field_estimation": "V", "title": "Modello di motonave per servizio idrografico e oceanografico scala 1:100", "field_inventory_old": "120", "field_placing": "73", "field_vertical_exposition": "False", "nid": "122", "field_inventory_1": " 46 ", "field_model_value": "150.000", "field_image": "", "field_inventory": " 46 ", "field_model_actual_value": "400", "field_other_image": "", "field_exposed": "False"}, {"body": "<p>Piroscafo da carico scala 1:100</p>\n", "field_year": "1928", "field_audio": "", "field_status": "OK/ R/05", "field_estimation": "", "title": "Piroscafo da carico scala 1:100", "field_inventory_old": "4", "field_placing": "97-7137", "field_vertical_exposition": "False", "nid": "120", "field_inventory_1": " 44 ", "field_model_value": "500", "field_image": "images/_MG_7149.JPG", "field_inventory": " 44 ", "field_model_actual_value": "3.000", "field_other_image": "images/_MG_7150.JPG,images/_MG_7140.JPG,images/_MG_7142.JPG,images/_MG_7139.JPG,images/_MG_7141.JPG,images/_MG_7137.JPG,images/_MG_7145.JPG", "field_exposed": "False"}, {"body": "<p>Modello Nave t/p Hadrian</p>\n", "field_year": "1965", "field_audio": "", "field_status": "OK", "field_estimation": "", "title": "Modello Nave t/p Hadrian ", "field_inventory_old": "224", "field_placing": "40-52-2218", "field_vertical_exposition": "False", "nid": "119", "field_inventory_1": " 43 ", "field_model_value": "3.650.880", "field_image": "images/_MG_2201.JPG", "field_inventory": " 43 ", "field_model_actual_value": "6.000", "field_other_image": "images/_MG_2229.JPG,images/_MG_2247.JPG,images/_MG_2238.JPG,images/_MG_2218.JPG,images/_MG_2230.JPG,images/_MG_2207.JPG,images/_MG_2223.JPG,images/_MG_2202.JPG,images/_MG_2220.JPG,images/_MG_2232.JPG,images/_MG_2206.JPG,images/_MG_2200.JPG,images/_MG_2208.JPG,images/_MG_2204.JPG", "field_exposed": "False"}, {"body": "<p>Piroscafo da passeggeri scala 1:100</p>\n", "field_year": "1928", "field_audio": "", "field_status": "OK/ R/05", "field_estimation": "", "title": "Piroscafo da passeggeri scala 1:100", "field_inventory_old": "3", "field_placing": "88-20-7178", "field_vertical_exposition": "False", "nid": "118", "field_inventory_1": " 41 ", "field_model_value": "500", "field_image": "images/_MG_7183.JPG", "field_inventory": " 41 ", "field_model_actual_value": "3.500", "field_other_image": "images/_MG_7189.JPG,images/_MG_7182.JPG,images/_MG_7180.JPG,images/_MG_7188.JPG,images/_MG_7178.JPG,images/_MG_7187.JPG", "field_exposed": "False"}, {"body": "<p>Mezza sezione maestra scala 1:20 di struttura in legno</p>\n", "field_year": "1956", "field_audio": "", "field_status": "OK/ R/05", "field_estimation": "", "title": "Mezza sezione maestra scala 1:20 di struttura in legno ", "field_inventory_old": "118", "field_placing": "35-3659", "field_vertical_exposition": "False", "nid": "115", "field_inventory_1": " 37 ", "field_model_value": "300.00", "field_image": "images/_MG_3661.JPG", "field_inventory": " 37 ", "field_model_actual_value": "1.250", "field_other_image": "images/_MG_3662.JPG,images/_MG_3659.JPG,images/_MG_3660.JPG", "field_exposed": "False"}, {"body": "<p>Modello sezione nave traghetto scala 1:10</p>\n", "field_year": "1970", "field_audio": "", "field_status": "R", "field_estimation": "", "title": "Modello sezione nave traghetto scala 1:10", "field_inventory_old": "480", "field_placing": "210-3787", "field_vertical_exposition": "False", "nid": "116", "field_inventory_1": " 38 ", "field_model_value": "100.000", "field_image": "", "field_inventory": " 38 ", "field_model_actual_value": "300", "field_other_image": "", "field_exposed": "False"}, {"body": "<p>Gru David Roland</p>\n", "field_year": "1970", "field_audio": "", "field_status": "R", "field_estimation": "", "title": "Gru David Roland", "field_inventory_old": "481", "field_placing": "210-3785", "field_vertical_exposition": "False", "nid": "117", "field_inventory_1": " 39 ", "field_model_value": "390.000", "field_image": "", "field_inventory": " 39 ", "field_model_actual_value": "75", "field_other_image": "", "field_exposed": "False"}, {"body": "<p>Catenella senza traversino</p>\n", "field_year": "1939", "field_audio": "", "field_status": "OK", "field_estimation": "", "title": "Catenella senza traversino", "field_inventory_old": "40", "field_placing": "-", "field_vertical_exposition": "False", "nid": "114", "field_inventory_1": " 36 ", "field_model_value": "50", "field_image": "", "field_inventory": " 36 ", "field_model_actual_value": "30", "field_other_image": "", "field_exposed": "False"}, {"body": "<p>Struttura doppio fondo cellulare (Ditta Costa)</p>\n", "field_year": "1928", "field_audio": "", "field_status": "R", "field_estimation": "", "title": "Struttura doppio fondo cellulare (Ditta Costa)", "field_inventory_old": "6", "field_placing": "136-3524", "field_vertical_exposition": "False", "nid": "113", "field_inventory_1": " 34 ", "field_model_value": "735", "field_image": "images/_MG_3524.JPG", "field_inventory": " 34 ", "field_model_actual_value": "200", "field_other_image": "images/_MG_3526.JPG,images/_MG_3525.JPG", "field_exposed": "False"}, {"body": "<p>Sezione maestra nave in acciaio sistema Ishervood</p>\n", "field_year": "1931", "field_audio": "", "field_status": "OK/ R", "field_estimation": "", "title": "Sezione maestra nave in acciaio sistema Ishervood", "field_inventory_old": "21", "field_placing": "204-3513", "field_vertical_exposition": "False", "nid": "112", "field_inventory_1": " 33 ", "field_model_value": "2300", "field_image": "images/_MG_3513.JPG", "field_inventory": " 33 ", "field_model_actual_value": "1.800", "field_other_image": "images/_MG_3515.JPG,images/_MG_3517.JPG,images/_MG_3521.JPG,images/_MG_3516.JPG,images/_MG_3510.JPG", "field_exposed": "False"}, {"body": "<p>Sezione maestra nave in ferro ad 1 ponte</p>\n", "field_year": "1930", "field_audio": "", "field_status": "OK/ R", "field_estimation": "", "title": "Sezione maestra nave in ferro ad 1 ponte", "field_inventory_old": "20", "field_placing": "205-3503", "field_vertical_exposition": "False", "nid": "111", "field_inventory_1": " 32 ", "field_model_value": "1494", "field_image": "images/_MG_3504.JPG", "field_inventory": " 32 ", "field_model_actual_value": "1.500", "field_other_image": "images/_MG_3507.JPG,images/_MG_3505.JPG,images/_MG_3503.JPG", "field_exposed": "False"}, {"body": "<p>Boccaporto in ferro (Ditta Costa)</p>\n", "field_year": "1930", "field_audio": "", "field_status": "R", "field_estimation": "V", "title": "Boccaporto in ferro (Ditta Costa)", "field_inventory_old": "8", "field_placing": "197-3583-3584-3585", "field_vertical_exposition": "False", "nid": "110", "field_inventory_1": " 31 ", "field_model_value": "416", "field_image": "images/_MG_3584.JPG", "field_inventory": " 31 ", "field_model_actual_value": "400", "field_other_image": "images/_MG_3583.JPG,images/_MG_3585.JPG", "field_exposed": "False"}, {"body": "<p>Pezzo di fondo con struttura a croce (Ditta Costa)</p>\n", "field_year": "1930", "field_audio": "", "field_status": "OK/ R", "field_estimation": "", "title": "Pezzo di fondo con struttura a croce (Ditta Costa)", "field_inventory_old": "10", "field_placing": "131-3649-3650", "field_vertical_exposition": "False", "nid": "109", "field_inventory_1": " 30 ", "field_model_value": "289", "field_image": "images/_MG_3650.JPG", "field_inventory": " 30 ", "field_model_actual_value": "300", "field_other_image": "images/_MG_3649.JPG", "field_exposed": "False"}, {"body": "<p>Sezione maestra nave in acciaio a tre ponti (Ditta Costa)</p>\n", "field_year": "1930", "field_audio": "", "field_status": "R", "field_estimation": "V", "title": "Sezione maestra nave in acciaio a tre ponti (Ditta Costa)", "field_inventory_old": "7", "field_placing": "409-3494-3498-3499-3500-3501", "field_vertical_exposition": "False", "nid": "107", "field_inventory_1": " 28 ", "field_model_value": "2631", "field_image": "images/_MG_3501.JPG", "field_inventory": " 28 ", "field_model_actual_value": "1.500", "field_other_image": "images/_MG_3500.JPG,images/_MG_3498.JPG,images/_MG_3499.JPG,images/_MG_3494.JPG", "field_exposed": "False"}, {"body": "<p>Pezzo di chiglia con corrente longitudinale</p>\n", "field_year": "1930", "field_audio": "", "field_status": "OK/ R", "field_estimation": "", "title": "Pezzo di chiglia con corrente longitudinale", "field_inventory_old": "9", "field_placing": "127-3642-3644", "field_vertical_exposition": "False", "nid": "108", "field_inventory_1": " 29 ", "field_model_value": "343", "field_image": "images/_MG_3642.JPG", "field_inventory": " 29 ", "field_model_actual_value": "200", "field_other_image": "images/_MG_3644.JPG", "field_exposed": "False"}, {"body": "<p>Giogo di prora di feluca detta il Leone (cimelio)<br />\nScocca di feluca sorrentina</p>\n", "field_year": "1951", "field_audio": "", "field_status": "OK/ R/05", "field_estimation": "", "title": "Giogo di prora di feluca detta il Leone (cimelio)", "field_inventory_old": "73", "field_placing": "5-192-7064-7065-7066-7069-7070-7072-7074", "field_vertical_exposition": "False", "nid": "106", "field_inventory_1": " 27 ", "field_model_value": "15.000", "field_image": "images/_MG_7074.JPG", "field_inventory": " 27 ", "field_model_actual_value": "3.000", "field_other_image": "images/_MG_7069.JPG,images/_MG_7064.JPG,images/_MG_7072.JPG,images/_MG_7066.JPG,images/_MG_7070.JPG,images/_MG_7065.JPG", "field_exposed": "False"}, {"body": "<p>Tronco poppiero architettonico di nave a vela con specchio quadro</p>\n", "field_year": "1939", "field_audio": "", "field_status": "OK/ R/05", "field_estimation": "", "title": "Tronco poppiero architettonico di nave a vela con specchio quadro", "field_inventory_old": "65", "field_placing": "25-3670-3673-3675-3677-3680-3681", "field_vertical_exposition": "False", "nid": "105", "field_inventory_1": " 26 ", "field_model_value": "40.000", "field_image": "images/_MG_3681.JPG", "field_inventory": " 26 ", "field_model_actual_value": "1.000", "field_other_image": "images/_MG_3670.JPG,images/_MG_3680.JPG,images/_MG_3675.JPG,images/_MG_3677.JPG,images/_MG_3673.JPG", "field_exposed": "False"}, {"body": "<p>Tronco poppiero piroscafo ad elica con ordinate deviate</p>\n", "field_year": "1939", "field_audio": "", "field_status": "OK/ R/05", "field_estimation": "", "title": "Tronco poppiero piroscafo ad elica con ordinate deviate", "field_inventory_old": "31", "field_placing": "29-3699-3700-3704-3707-3708-3710", "field_vertical_exposition": "False", "nid": "104", "field_inventory_1": " 24 ", "field_model_value": "150", "field_image": "images/_MG_3708.JPG", "field_inventory": " 24 ", "field_model_actual_value": "1.500", "field_other_image": "images/_MG_3707.JPG,images/_MG_3710.JPG,images/_MG_3704.JPG,images/_MG_3699.JPG", "field_exposed": "False"}, {"body": "<p>Timone legno compensato<br />\nPiccolo timone in legno</p>\n", "field_year": "1939", "field_audio": "", "field_status": "OK", "field_estimation": "", "title": "Timone legno compensato", "field_inventory_old": "106", "field_placing": "326-3756", "field_vertical_exposition": "False", "nid": "103", "field_inventory_1": " 22 ", "field_model_value": "50", "field_image": "", "field_inventory": " 22 ", "field_model_actual_value": "50", "field_other_image": "", "field_exposed": "False"}, {"body": "<p>Tronco prodiero di battello in legno</p>\n", "field_year": "1939", "field_audio": "", "field_status": "OK", "field_estimation": "", "title": "Tronco prodiero di battello in legno", "field_inventory_old": "29", "field_placing": "211-4336-4337-4343-4344 ACTON", "field_vertical_exposition": "False", "nid": "101", "field_inventory_1": " 20 ", "field_model_value": "862", "field_image": "images/_MG_4336.JPG", "field_inventory": " 20 ", "field_model_actual_value": "1.500", "field_other_image": "images/_MG_4344.JPG,images/_MG_4337.JPG", "field_exposed": "False"}, {"body": "<p>Tronco poppiero di battello in legno</p>\n", "field_year": "1939", "field_audio": "", "field_status": "OK", "field_estimation": "", "title": "Tronco poppiero di battello in legno ", "field_inventory_old": "30", "field_placing": "212-4326-4328-4329-4333 ACTON ", "field_vertical_exposition": "False", "nid": "102", "field_inventory_1": " 21 ", "field_model_value": "862", "field_image": "images/_MG_4326.JPG", "field_inventory": " 21 ", "field_model_actual_value": "1.500", "field_other_image": "images/_MG_4328.JPG", "field_exposed": "False"}, {"body": "<p>Albero da carico con verricelli ed attrezzatura completa</p>\n", "field_year": "1931", "field_audio": "", "field_status": "Alluvionato", "field_estimation": "V", "title": "Albero da carico con verricelli ed attrezzatura completa", "field_inventory_old": "27", "field_placing": "119-3587-3589-3592-3593-3594", "field_vertical_exposition": "False", "nid": "100", "field_inventory_1": " 18 ", "field_model_value": "1421", "field_image": "images/_MG_3589.JPG", "field_inventory": " 18 ", "field_model_actual_value": "1.500", "field_other_image": "images/_MG_3594.JPG", "field_exposed": "False"}, {"body": "<p>Torpediniera P.h.<br />\nTorpediniera Costiera classe Ph 1921-1922</p>\n", "field_year": "1939", "field_audio": "", "field_status": "R", "field_estimation": "", "title": "Torpediniera P.h.", "field_inventory_old": "61", "field_placing": "9-4411-4414-4416-4417-4418-4419 4426 ACTON", "field_vertical_exposition": "False", "nid": "99", "field_inventory_1": " 16 ", "field_model_value": "250.000", "field_image": "images/_MG_4419.JPG", "field_inventory": " 16 ", "field_model_actual_value": "4.000", "field_other_image": "images/_MG_4417.JPG,images/_MG_4411.JPG,images/_MG_4426.JPG,images/_MG_4414.JPG,images/_MG_4416.JPG,images/_MG_4418.JPG", "field_exposed": "False"}, {"body": "<p>Rimorchiatore alto mare moderno scala 1:25 in bacheca</p>\n", "field_year": "1928", "field_audio": "", "field_status": "OK/ R/ 05", "field_estimation": "", "title": "Rimorchiatore alto mare moderno scala 1:25 in bacheca", "field_inventory_old": "2", "field_placing": "83-33-7165-7166-7169-7170-7172-7174-7175-7176-7177", "field_vertical_exposition": "False", "nid": "98", "field_inventory_1": " 14 ", "field_model_value": "1.500", "field_image": "images/_MG_7169.JPG", "field_inventory": " 14 ", "field_model_actual_value": "2.500", "field_other_image": "images/_MG_7172.JPG,images/_MG_7166.JPG,images/_MG_7165.JPG", "field_exposed": "False"}, {"body": "<p>Cacciatorpediniere da 30 nodi Pattison</p>\n", "field_year": "1939", "field_audio": "", "field_status": "R", "field_estimation": "", "title": "Cacciatorpediniere da 30 nodi Pattison", "field_inventory_old": "60", "field_placing": "7-4381-4382-4383-4384-4385 ACTON", "field_vertical_exposition": "False", "nid": "97", "field_inventory_1": " 13 ", "field_model_value": "150.000", "field_image": "images/_MG_4385.JPG", "field_inventory": " 13 ", "field_model_actual_value": "4.000", "field_other_image": "images/_MG_4384.JPG,images/_MG_4383.JPG,images/_MG_4382.JPG,images/_MG_4381.JPG", "field_exposed": "False"}, {"body": "<p>Cacciatorpediniere da 30 nodi Thornikroft</p>\n", "field_year": "1939", "field_audio": "", "field_status": "R", "field_estimation": "", "title": "Cacciatorpediniere da 30 nodi Thornikroft", "field_inventory_old": "59", "field_placing": "47 B-4391-4392-4393-4394-4395-4396-4397 ACTON", "field_vertical_exposition": "False", "nid": "96", "field_inventory_1": " 12 ", "field_model_value": "250.000", "field_image": "images/_MG_4397.JPG", "field_inventory": " 12 ", "field_model_actual_value": "4.000", "field_other_image": "images/_MG_4394.JPG,images/_MG_4391.JPG,images/_MG_4392.JPG,images/_MG_4395.JPG,images/_MG_4396.JPG,images/_MG_4393.JPG", "field_exposed": "False"}, {"body": "<p>Goletta inglese a gabbiola invelata scala 1:50</p>\n", "field_year": "1951", "field_audio": "", "field_status": "OK/ R/05", "field_estimation": "", "title": "Goletta inglese a gabbiola invelata scala 1:50", "field_inventory_old": "76", "field_placing": "41-2023-2025-2027-2030-2031-2033-2035-2038-2041-2042-2044-2045-2048", "field_vertical_exposition": "False", "nid": "95", "field_inventory_1": " 10 ", "field_model_value": "/", "field_image": "images/_MG_2030.JPG", "field_inventory": " 10 ", "field_model_actual_value": "3.500", "field_other_image": "images/_MG_2031.JPG,images/_MG_2045.JPG,images/_MG_2035.JPG", "field_exposed": "False"}, {"body": "<p>Nave cinquecentesca completamente armata con vele scala 1:25</p>\n", "field_year": "1951", "field_audio": "", "field_status": "Alluvionato", "field_estimation": "V", "title": "Nave cinquecentesca completamente armata con vele scala 1:25", "field_inventory_old": "72", "field_placing": "3-17-79-3528-3531-3533-3534-3536-3538-3541-3543-3546-3547-3548-3549-3551-3552-3353-3554", "field_vertical_exposition": "False", "nid": "94", "field_inventory_1": " 8 ", "field_model_value": "50.000", "field_image": "images/_MG_3528.JPG", "field_inventory": " 8 ", "field_model_actual_value": "5.000", "field_other_image": "images/_MG_3548.JPG", "field_exposed": "False"}, {"body": "<p>Galeone del 1600 su scalo di alaggio</p>\n", "field_year": "", "field_audio": "", "field_status": "OK/ R/05", "field_estimation": "", "title": "Galeone del 1600 su scalo di alaggio", "field_inventory_old": "-", "field_placing": "112-180-2066-2067-2069-2070-2080-2082-2085-2086-2087-2092-2093-2095-2099-2101", "field_vertical_exposition": "False", "nid": "93", "field_inventory_1": " 7 ", "field_model_value": "", "field_image": "images/_MG_2087.JPG", "field_inventory": " 7 ", "field_model_actual_value": "4.800", "field_other_image": "images/_MG_2095.JPG,images/_MG_2069.JPG,images/_MG_2092.JPG,images/_MG_2080.JPG,images/_MG_2099.JPG,images/_MG_2093.JPG,images/_MG_2085.JPG,images/_MG_2101.JPG,images/_MG_2066.JPG,images/_MG_2082.JPG", "field_exposed": "False"}, {"body": "<p>Modello di clipper americano scala 1:100 secolo XIX</p>\n", "field_year": "1959", "field_audio": "", "field_status": "OK/ R/05", "field_estimation": "", "title": "Modello di clipper americano scala 1:100 secolo XIX ", "field_inventory_old": "125", "field_placing": "1-3449-3452-3453-3454-3456", "field_vertical_exposition": "False", "nid": "92", "field_inventory_1": " 6 ", "field_model_value": "40.000", "field_image": "images/_MG_3452.JPG", "field_inventory": " 6 ", "field_model_actual_value": "2.000", "field_other_image": "images/_MG_3449.JPG,images/_MG_3454.JPG,images/_MG_3453.JPG", "field_exposed": "False"}, {"body": "<p>Pirocorvetta a ruote (Postale)</p>\n", "field_year": "", "field_audio": "", "field_status": "OK/R/05", "field_estimation": "", "title": "Pirocorvetta a ruote (Postale)", "field_inventory_old": "-", "field_placing": "13-3478-3479-3480-3481-3484-3487-3488-3489-3490-3491-3493", "field_vertical_exposition": "False", "nid": "91", "field_inventory_1": " 5 ", "field_model_value": "", "field_image": "images/_MG_3484.JPG", "field_inventory": " 5 ", "field_model_actual_value": "3.000", "field_other_image": "images/_MG_3487.JPG,images/_MG_3491.JPG,images/_MG_3481.JPG,images/_MG_3480.JPG,images/_MG_3493.JPG,images/_MG_3478.JPG", "field_exposed": "False"}, {"body": "<p>Galea settecentesca completamente armata a remi</p>\n", "field_year": "1937", "field_audio": "", "field_status": "OK/ R/05", "field_estimation": "", "title": "Galea settecentesca completamente armata a remi", "field_inventory_old": "62", "field_placing": "16-2370-2371-2372-2373-2374-2375-2376-2377-2378-2379-2380-2381-2382-2383-2384", "field_vertical_exposition": "False", "nid": "90", "field_inventory_1": " 3 ", "field_model_value": "60.000", "field_image": "images/_MG_2379.JPG", "field_inventory": " 3 ", "field_model_actual_value": "6.000", "field_other_image": "images/_MG_2380.JPG,images/_MG_2374.JPG,images/_MG_2370.JPG,images/_MG_2382.JPG,images/_MG_2381.JPG,images/_MG_2376.JPG,images/_MG_2371.JPG,images/_MG_2378.JPG,images/_MG_2375.JPG,images/_MG_2373.JPG,images/_MG_2372.JPG,images/_MG_2384.JPG,images/_MG_2383.JPG,images/_MG_2377.JPG", "field_exposed": "False"}, {"body": "<p>Brigantino a palo moderno scala 1:25 senza velature</p>\n", "field_year": "1928", "field_audio": "", "field_status": "OK", "field_estimation": "", "title": "Brigantino a palo moderno scala 1:25 senza velature", "field_inventory_old": "1", "field_placing": "93-81-67-2108-2115-2116-2117-2121-2128-2132-2136-2138-2141", "field_vertical_exposition": "False", "nid": "89", "field_inventory_1": " 2 ", "field_model_value": "2.500", "field_image": "images/_MG_2117.JPG", "field_inventory": " 2 ", "field_model_actual_value": "15.000", "field_other_image": "images/_MG_2136.JPG,images/_MG_2108.JPG,images/_MG_2128.JPG", "field_exposed": "False"}, {"body": "<p>Caracca a 4 alberi</p>", "field_year": "", "field_audio": "audio/filename_0.mp3", "field_status": "OK", "field_estimation": "", "title": "Caracca a 4 alberi", "field_inventory_old": "-", "field_placing": "167-4357-4364", "field_vertical_exposition": "False", "nid": "88", "field_inventory_1": " 1 ", "field_model_value": "", "field_image": "images/_MG_4364.JPG", "field_inventory": " 1 ", "field_model_actual_value": "800", "field_other_image": "images/_MG_4357.JPG", "field_exposed": "False"}], "tours": [{"items": [{"body": "<p>Caracca a 4 alberi</p>", "field_year": "", "field_audio": "audio/filename_0.mp3", "field_status": "OK", "field_estimation": "", "title": "Caracca a 4 alberi", "field_inventory_old": "-", "field_placing": "167-4357-4364", "field_vertical_exposition": "False", "nid": "88", "field_inventory_1": " 1 ", "field_model_value": "", "field_image": "images/_MG_4364.JPG", "field_inventory": " 1 ", "field_model_actual_value": "800", "field_other_image": "images/_MG_4357.JPG", "field_exposed": "False"}], "tour": "Complete"}], "rooms": [{"items": [{"body": "<p>Quadri in legno rovere 1.90 x 1.23*</p>", "field_year": "1952", "field_audio": "audio/filename.mp3", "field_status": "OK", "field_estimation": "", "title": "Quadri in legno rovere 1.90 x 1.23*", "field_inventory_old": "110", "field_placing": "201", "field_vertical_exposition": "False", "nid": "207", "field_inventory_1": " 157 ", "field_model_value": "133.000 / 3", "field_image": "", "field_inventory": " 157 ", "field_model_actual_value": "250", "field_other_image": "", "field_exposed": "False"}, {"body": "<p>Quadri in legno rovere 1.90 x 1.23*</p>", "field_year": "1952", "field_audio": "", "field_status": "OK", "field_estimation": "", "title": "Quadri in legno rovere 1.90 x 1.23*", "field_inventory_old": "111", "field_placing": "318", "field_vertical_exposition": "False", "nid": "208", "field_inventory_1": " 158 ", "field_model_value": "133.000 / 3", "field_image": "", "field_inventory": " 158 ", "field_model_actual_value": "250", "field_other_image": "", "field_exposed": "False"}], "hall": "Stanza1"}, {"items": [{"body": "<p>Caracca a 4 alberi</p>", "field_year": "", "field_audio": "audio/filename_0.mp3", "field_status": "OK", "field_estimation": "", "title": "Caracca a 4 alberi", "field_inventory_old": "-", "field_placing": "167-4357-4364", "field_vertical_exposition": "False", "nid": "88", "field_inventory_1": " 1 ", "field_model_value": "", "field_image": "images/_MG_4364.JPG", "field_inventory": " 1 ", "field_model_actual_value": "800", "field_other_image": "images/_MG_4357.JPG", "field_exposed": "False"}], "hall": "Stanza2"}]}